ticker,netAppreciation,peRatio,strike,expiry,premium,delta,premiumYield
TER,2.0764,54.77,370.0,2026-11-06,16.90,-0.3176,0.0457
KLAC,1.4818,53.75,185.0,2026-11-06,8.00,-0.3240,0.0432
SNDK,43.7072,21.82,1490.0,2026-11-06,61.60,-0.2972,0.0413
LRCX,2.9281,55.66,300.0,2026-11-06,11.50,-0.3100,0.0383
MRVL,2.7912,90.35,255.0,2026-11-06,9.15,-0.2908,0.0359
FTNT,1.3540,66.82,175.0,2026-11-06,6.00,-0.2920,0.0343
AMAT,1.5247,43.97,480.0,2026-11-06,16.00,-0.3097,0.0333
WDC,7.1095,14.61,365.0,2026-11-06,11.45,-0.2943,0.0314
TXN,0.4858,43.87,270.0,2026-11-06,7.95,-0.2894,0.0294
CDNS,0.2478,69.35,335.0,2026-11-06,9.80,-0.3536,0.0293
MU,9.2378,13.94,975.0,2026-11-06,26.35,-0.2952,0.0270
