ticker,netAppreciation,peRatio,strike,expiry,premium,delta,premiumYield
RDDT,1.1578,35.51,140.0,2026-11-06,6.40,-0.2932,0.0457
COHR,2.4184,81.20,305.0,2026-11-06,12.80,-0.2906,0.0420
KLAC,1.5488,53.78,185.0,2026-11-06,7.60,-0.3199,0.0411
TER,2.2034,56.56,380.0,2026-11-06,15.50,-0.3059,0.0408
HUM,0.6713,37.48,365.0,2026-11-06,14.70,-0.2963,0.0403
HOOD,3.2761,48.24,102.0,2026-11-06,4.10,-0.3011,0.0402
SNDK,46.0117,22.94,1570.0,2026-11-06,62.00,-0.2977,0.0395
LRCX,3.1296,57.21,310.0,2026-11-06,11.85,-0.3163,0.0382
VRT,1.3131,55.77,230.0,2026-11-06,8.75,-0.3052,0.0380
WDC,7.1457,15.06,375.0,2026-11-06,14.15,-0.2926,0.0377
ON,0.1699,53.23,77.0,2026-11-06,2.90,-0.3060,0.0377
HPE,2.5950,37.16,68.0,2026-11-06,2.46,-0.3289,0.0362
MRVL,2.9150,93.64,265.0,2026-11-06,9.40,-0.2942,0.0355
DELL,3.8962,33.66,540.0,2026-11-06,18.20,-0.2946,0.0337
GLW,2.7729,74.89,150.0,2026-11-06,5.00,-0.2708,0.0333
AMAT,1.6333,44.92,490.0,2026-11-06,15.65,-0.3058,0.0319
ANET,1.1571,68.09,200.0,2026-11-06,6.30,-0.2774,0.0315
VLO,2.2808,17.69,400.0,2026-11-06,11.60,-0.3115,0.0290
MU,9.6652,14.64,1025.0,2026-11-06,29.50,-0.2977,0.0288
GNRC,0.2936,50.88,200.0,2026-11-06,5.60,-0.2488,0.0280
FTNT,1.4335,66.88,175.0,2026-11-06,4.80,-0.2844,0.0274
GEV,2.7889,28.59,935.0,2026-11-06,24.30,-0.2969,0.0260
TXN,0.5102,43.98,270.0,2026-11-06,6.95,-0.2800,0.0257
